Loading,Timepoint,Normalized AUC,808 absorbance
0,0h,1.0,0.20806028316986772
0,40h,1.0,0.19836557290840484
1e-6,0h,1.0497366615136738,0.21318108247072
1e-6,40h,1.0621701695436168,0.2109226776370885
1e-5,0h,1.8978741807402095,0.3598394787348833
1e-5,40h,1.8635241512330443,0.3462282221567807
1e-4,0h,10.313172463039589,1.9369429296246432
1e-4,40h,10.395669294000086,1.9090837465551893